Number_of_Clusters,WCSS,Silhouette_Score
2,725.2150277999308,0.29698201994529166
3,574.9230855245506,0.2846480469945601
4,463.52438278163294,0.249346283233453
5,427.5515819349617,0.18470312704419833
6,423.4998451360009,0.1568085246472954
7,395.1824519682011,0.15788635825834174
8,370.98477315910077,0.1316052070932767
9,351.89606532903014,0.12415089476772291
10,334.17450826689253,0.12635261227293385
