Number_of_Clusters,WCSS,Silhouette_Score
2,967.7353741496598,0.47871761480923214
3,643.9504545454546,0.4280625389962125
4,456.055641732897,0.39722729036622695
5,366.99896770912784,0.38320202771006395
6,297.47297690534106,0.3981676164295581
7,252.7493108974359,0.391500654874979
8,229.95847702589808,0.37824239336094445
9,202.70050793650793,0.3422636022727606
10,166.6095795985061,0.3775375659100769
