Number_of_Clusters,WCSS,Silhouette_Score
2,522.9508061182308,0.5487140110590323
3,229.79999999999998,0.5785116279329695
4,131.66439613526575,0.5858770976498521
5,92.26692307692309,0.59236586297806
6,64.46501831501831,0.5849453579512798
7,48.44835164835165,0.6160811503390026
8,39.19328874024526,0.595974283131331
9,37.85995540691192,0.5786901707524819
10,33.31294685990338,0.5774968718283311
