Cluster_label,Employee_Annual_Salary,Monthly_Medical_contribution,Monthly_Dental_Contribution,Monthly_Vision_Contribution,Bonus,Years_Of_Service,Employee_HR_rate,Hours_per_week,Years_Since_Last_Promotion,age,left
0,94915.90909090909,109.54545454545455,30.90909090909091,17.363636363636363,7943.5,3.6090909090909093,85.9090909090909,40.0,2.2208947794163403,30.681818181818183,0.0
1,198421.875,169.0625,42.8125,22.125,41065.5625,9.14375,100.9375,40.0,4.460130047912389,35.625,0.375
2,300000.0,230.0,55.0,27.0,90000.0,14.066666666666668,72.0,40.0,4.759297284964636,38.666666666666664,0.3333333333333333
3,138057.57575757575,129.24242424242425,34.84848484848485,18.939393939393938,16239.60606060606,6.7727272727272725,117.84848484848484,40.0,3.8703254309003796,32.696969696969695,0.12121212121212122
4,82317.30769230769,105.96153846153847,30.192307692307693,17.076923076923077,5686.846153846154,2.930769230769231,128.46153846153845,40.0,1.968620017901332,27.76923076923077,0.0
