Feature,Weight
Female,-0.1806901941128778
Male,0.1804933730801327
