Number_of_Clusters,WCSS,Silhouette_Score
2,724.2424781862401,0.2980775729025064
3,573.8678063251089,0.2858984312886188
4,464.3976400673589,0.24794667328404682
5,428.51959372513227,0.18350803788915399
6,424.3881242353428,0.15595394566711515
7,396.2796914656068,0.15667533055903798
8,370.674416501044,0.13254083586160953
9,351.58896236699894,0.12504315526096726
10,333.8713550565553,0.1271075727681399
