Feature,Weight
Data Science,-0.0675301309935118
Design,-0.1539344221867641
Engineering,-0.2531047247546485
Finance,0.2145542576785083
Human Resources,-0.1305828120624209
Marketing,-0.0215008880858179
Product,0.2569127731640964
Sales,0.1550864982001072
