Feature,Weight
Female,0.1633508126345379
Male,-0.1633508126345379
