Feature,Weight
Design,-0.0596952757052153
Engineering,0.279284655551945
Human Resources,0.0
Operations,0.2863473516707799
Product,-0.4030424971595855
Sales,-0.103091055390669
