Cluster_label,Employee_Annual_Salary,Monthly_Medical_contribution,Monthly_Dental_Contribution,Monthly_Vision_Contribution,Bonus,Years_Of_Service,Employee_HR_rate,Hours_per_week,Years_Since_Last_Promotion,age,left
0,112872.58064516129,119.51612903225806,32.903225806451616,18.161290322580644,12146.548387096775,5.132258064516129,114.2258064516129,40.0,3.110993354088009,31.0,0.0967741935483871
1,192312.5,162.8125,41.5625,21.625,39061.0625,9.225,103.75,40.0,4.536618754277892,37.625,0.3125
2,86073.33333333333,106.66666666666667,30.333333333333332,17.133333333333333,5933.866666666667,3.0266666666666664,120.8,40.0,1.9356605065023955,25.8,0.0
3,147904.0,138.0,36.6,19.64,23213.32,6.832000000000001,104.52,40.0,3.5229568788501022,33.72,0.12
4,99561.53846153847,112.6923076923077,31.53846153846154,17.615384615384617,8823.846153846154,3.4384615384615387,101.84615384615384,40.0,2.1186753014268414,28.384615384615383,0.0
