Feature,Weight
Data Science,-0.0671819782488615
Design,-0.1513106903526487
Engineering,-0.245068232078236
Finance,0.2099030137467696
Human Resources,-0.1289206730609879
Marketing,-0.0333221045883773
Product,0.2593941681368351
Sales,0.157240098205622
