Feature,Weight
Female,0.27715983066803
Male,-0.186900650334583
Non-Binary,-0.0804622101155752
