Feature,Weight
Customer Support,0.0002027949512918
Data Science,-0.0623416863298812
Design,-0.1343566382500522
Engineering,0.107457743381204
Executive,-0.2268159271682983
Finance,0.2829025062867048
Human Resources,0.1342981358463852
IT,0.000155082130392
Marketing,-0.0165167040606531
Operations,0.2498531521835555
Product,-0.4571043282335851
Sales,0.1320628394808079
