Cluster_label,Employee_Annual_Salary,Monthly_Medical_contribution,Monthly_Dental_Contribution,Monthly_Vision_Contribution,Bonus,Years_Of_Service,Employee_HR_rate,Hours_per_week,Years_Since_Last_Promotion,age,left
0,95506.66666666667,111.66666666666667,31.333333333333332,17.533333333333335,8516.533333333333,3.566666666666667,110.8,40.0,2.336116814966918,30.966666666666665,0.0
1,142676.31578947368,133.94736842105263,35.78947368421053,19.31578947368421,18494.947368421053,6.831578947368421,106.57894736842105,40.0,3.814114341294715,35.0,0.10526315789473684
2,237755.55555555556,191.11111111111111,47.22222222222222,23.88888888888889,60023.444444444445,11.055555555555555,99.55555555555556,40.0,4.600806144953989,38.55555555555556,0.3333333333333333
3,90306.52173913043,108.26086956521739,30.652173913043477,17.26086956521739,6825.173913043478,3.2347826086956526,114.73913043478261,40.0,1.9751807874296938,26.565217391304348,0.0
4,161376.31578947368,143.1578947368421,37.63157894736842,20.05263157894737,25341.105263157893,8.257894736842106,108.73684210526316,40.0,4.436326957022947,32.10526315789474,0.3157894736842105
