Feature,Weight
Female,0.2780510993925096
Male,-0.1675383115955214
Non-Binary,-0.1097791860368729
