Feature,Weight
Female,0.2762065080598661
Male,-0.1757772844290975
Non-Binary,-0.1005286726712198
